{Abstract;
1. SELECT city.Name FROM city JOIN country ON city.CountryCode = country.Code WHERE country.Name = 'Netherlands';
2. select population from city where name = 'Rotterdam';
3. select name from country where continent = 'North America';
4. SELECT name, SurfaceArea FROM country ORDER BY SurfaceArea DESC LIMIT 10;
5. SELECT name, Population FROM city ORDER BY population DESC LIMIT 10;
6. select * from country where Name like 'p%' ORDER BY population desc limit 3;
7. SELECT SUM(population) FROM country WHERE continent = 'asia';
8. select distinct countrylanguage.language from countrylanguage INNER JOIN country ON countrylanguage.countrycode=country.code WHERE country.region='South America';	
9. SELECT city.name, countrylanguage.language FROM city JOIN countrylanguage ON city.CountryCode = countrylanguage.countryCode WHERE city.Name = 'barcelona';
}

RESULTS:
---------------------------------------------------------------------------------------------------------------
1.
SELECT city.Name FROM city JOIN country ON city.CountryCode = country.Code WHERE country.Name = 'Netherlands';
+------------------+
| name             |
+------------------+
| Amsterdam        |
| Rotterdam        |
| Haag             |
| Utrecht          |
| Eindhoven        |
| Tilburg          |
| Groningen        |
| Breda            |
| Apeldoorn        |
| Nijmegen         |
| Enschede         |
| Haarlem          |
| Almere           |
| Arnhem           |
| Zaanstad         |
| ´s-Hertogenbosch |
| Amersfoort       |
| Maastricht       |
| Dordrecht        |
| Leiden           |
| Haarlemmermeer   |
| Zoetermeer       |
| Emmen            |
| Zwolle           |
| Ede              |
| Delft            |
| Heerlen          |
| Alkmaar          |
+------------------+
28 rows in set (0.00 sec)
---------------------------------------------------------------------------------------------------------------

2. 
select population from city where name = 'Rotterdam';
+------------+
| population |
+------------+
|     593321 |
+------------+
1 row in set (0.00 sec)
---------------------------------------------------------------------------------------------------------------

3. 
select name from country where continent = 'North America';
+----------------------------------+
| name                             |
+----------------------------------+
| Aruba                            |
| Anguilla                         |
| Netherlands Antilles             |
| Antigua and Barbuda              |
| Bahamas                          |
| Belize                           |
| Bermuda                          |
| Barbados                         |
| Canada                           |
| Costa Rica                       |
| Cuba                             |
| Cayman Islands                   |
| Dominica                         |
| Dominican Republic               |
| Guadeloupe                       |
| Grenada                          |
| Greenland                        |
| Guatemala                        |
| Honduras                         |
| Haiti                            |
| Jamaica                          |
| Saint Kitts and Nevis            |
| Saint Lucia                      |
| Mexico                           |
| Montserrat                       |
| Martinique                       |
| Nicaragua                        |
| Panama                           |
| Puerto Rico                      |
| El Salvador                      |
| Saint Pierre and Miquelon        |
| Turks and Caicos Islands         |
| Trinidad and Tobago              |
| United States                    |
| Saint Vincent and the Grenadines |
| Virgin Islands, British          |
| Virgin Islands, U.S.             |
+----------------------------------+
37 rows in set (0.00 sec)
---------------------------------------------------------------------------------------------------------------

4. 
SELECT name, SurfaceArea FROM country ORDER BY SurfaceArea DESC LIMIT 10;
+--------------------+-------------+
| name               | SurfaceArea |
+--------------------+-------------+
| Russian Federation | 17075400.00 |
| Antarctica         | 13120000.00 |
| Canada             |  9970610.00 |
| China              |  9572900.00 |
| United States      |  9363520.00 |
| Brazil             |  8547403.00 |
| Australia          |  7741220.00 |
| India              |  3287263.00 |
| Argentina          |  2780400.00 |
| Kazakstan          |  2724900.00 |
+--------------------+-------------+
10 rows in set (0.00 sec)
---------------------------------------------------------------------------------------------------------------

5. 
SELECT name, Population FROM city ORDER BY population DESC LIMIT 10;
+------------------+------------+
| name             | Population |
+------------------+------------+
| Mumbai (Bombay)  |   10500000 |
| Seoul            |    9981619 |
| São Paulo        |    9968485 |
| Shanghai         |    9696300 |
| Jakarta          |    9604900 |
| Karachi          |    9269265 |
| Istanbul         |    8787958 |
| Ciudad de México |    8591309 |
| Moscow           |    8389200 |
| New York         |    8008278 |
+------------------+------------+
10 rows in set (0.00 sec)
---------------------------------------------------------------------------------------------------------------

6. 
select * from country where Name like 'p%' ORDER BY population desc limit 3;
+------+-------------+-----------+---------------------------+-------------+-----------+------------+----------------+-----------+-----------+-----------+----------------+-------------------------+---------+-------+
| Code | Name        | Continent | Region                    | SurfaceArea | IndepYear | Population | LifeExpectancy | GNP       | GNPOld    | LocalName | GovernmentForm | HeadOfState             | Capital | Code2 |
+------+-------------+-----------+---------------------------+-------------+-----------+------------+----------------+-----------+-----------+-----------+----------------+-------------------------+---------+-------+
| PAK  | Pakistan    | Asia      | Southern and Central Asia |   796095.00 |      1947 |  156483000 |           61.1 |  61289.00 |  58549.00 | Pakistan  | Republic       | Mohammad Rafiq Tarar    |    2831 | PK    |
| PHL  | Philippines | Asia      | Southeast Asia            |   300000.00 |      1946 |   75967000 |           67.5 |  65107.00 |  82239.00 | Pilipinas | Republic       | Gloria Macapagal-Arroyo |     766 | PH    |
| POL  | Poland      | Europe    | Eastern Europe            |   323250.00 |      1918 |   38653600 |           73.2 | 151697.00 | 135636.00 | Polska    | Republic       | Aleksander Kwasniewski  |    2928 | PL    |
+------+-------------+-----------+---------------------------+-------------+-----------+------------+----------------+-----------+-----------+-----------+----------------+-------------------------+---------+-------+
3 rows in set (0.01 sec)

7. 
SELECT SUM(population) FROM country WHERE continent = 'asia';
+-----------------+
| SUM(population) |
+-----------------+
|      3705025700 |
+-----------------+
1 row in set (0.00 sec)
---------------------------------------------------------------------------------------------------------------

8. 
select distinct countrylanguage.language 
from countrylanguage
INNER JOIN country ON countrylanguage.countrycode=country.code
WHERE country.region='South America';	
+------------------+
| language         |
+------------------+
| Indian Languages |
| Italian          |
| Spanish          |
| Aimará           |
| Guaraní          |
| Ket?ua           |
| German           |
| Japanese         |
| Portuguese       |
| Araucan          |
| Rapa nui         |
| Arawakan         |
| Caribbean        |
| Chibcha          |
| Creole English   |
| English          |
| Creole French    |
| Hindi            |
| Sranantonga      |
| Goajiro          |
| Warrau           |
+------------------+
21 rows in set (0.01 sec)
---------------------------------------------------------------------------------------------------------------

9. 
SELECT city.name, countrylanguage.language FROM city JOIN countrylanguage ON city.CountryCode = countrylanguage.countryCode WHERE city.Name = 'barcelona';
+-----------+----------+
| name      | language |
+-----------+----------+
| Barcelona | Basque   |
| Barcelona | Catalan  |
| Barcelona | Galecian |
| Barcelona | Spanish  |
| Barcelona | Goajiro  |
| Barcelona | Spanish  |
| Barcelona | Warrau   |
+-----------+----------+
7 rows in set (0.01 sec)